Organization,Domain
Alameda Corridor Transportation Auth.,acta.org
Antelope Valley-E. Kern WA,avek.org
AQMD,aqmd.gov
Army Corps of Engineers,spl.usace.army.mil
Bard WD,aol.com
Beaumont-Cherry Valley Water District,bcvwd.org
Big Bear Area Regional Wastewater Agency,bbarwa.org
Big Bear City CSD,bbccsd.org
Big Bear MWD,bbmwd.net
Bighorn-Desert View WA,bdvwa.org
Borrego Water District,borregowd.org
Burbank Glendale Pasadena Airport Auth.,bur.org
Cachuma Operation And Maintenance Board,cachuma-board.org
California Department of Water Resources,water.ca.gov
California Department Public Health - LA,cdph.ca.gov
California Department Public Health - OC,cdph.ca.gov
California Department Public Health - SD,waterboards.ca.gov
California Department Public Health -San B,waterboards.ca.gov
California Department Public Health -San B,cdph.ca.gov
Calleguas MWD,calleguas.com
Caltrans - District 11 - San Diego,dot.ca.gov
Caltrans - District 12 - Orange County,dot.ca.gov
Caltrans - District 7 - Los Angeles,dot.ca.gov
Caltrans - District 7 - Los Angeles,dot.ca.gov 
Caltrans - District 7 - Los Angeles,amerigeheights.org
Caltrans - District 8 - San Bernardino,dot.ca.gov
CalTrans-Sacramento,dot.ca.gov
CalTrans-Sacramento,dot.gov
Camp Pendleton,usmc.mil
Camp Pendleton,usmc.com
Camp Pendleton,navy.mil
Camrosa Water District,camrosa.com
Carpinteria Sanitary District,carpsan.com
Carpinteria Valley Water District,cvwd.net
Casitas Municipal Water District,casitaswater.com
Castaic Lake Water Agency,clwa.org
Castaic Lake Water Agency,scvwa.org
Castaic Lake Water Agency-Santa Clarita Water,scwater.org
Castaic Lake Water Agency-Santa Clarita Water,clwa.org
Central Basin Municipal Water District,centralbasin.org
Chino Basin Desalter Authority,chinodesalter.org
Chino Basin Water Conservation District,cbwcd.org
Chino Basin Watermaster,cbwm.org
City of Agoura Hills,ci.agoura-hills.ca.us
City of Alameda,ci.alameda.ca.us
City of Alameda,alamedaca.gov
City of Albany,albanyca.org
City of Alhambra,cityofalhambra.org
City of Alhambra - Utilities,cityofalhambra.org
City of Aliso Viejo,cityofalisoviejo.com
City of Alturas,cityofalturas.us
City of Anaheim - City Hall,anaheim.net
City of Anaheim - City Hall,lorrigalloway.com
City of Anaheim - City Hall,kring.us
City of Anaheim - Electric Power,anaheim.net
City of Anaheim - Water Department,anaheim.net
City of Anaheim - Water Field Office,anaheim.net
City of Apple Valley,applevalley.org
City of Arcadia-city Hall,arcadiaca.gov
City of Arcadia-city Hall,ci.arcadia.ca.us
City of Arcadia-city Hall,swdlaw.net
City of Arcadia-Public Works,ci.arcadia.ca.us
City of Arcadia-Public Works,arcadiaca.gov
City of Arroyo Grande,arroyogrande.org
City of Artesia,aol.com
City of Artesia,cityofartesia.us
City of Atascadero,atascadero.org
City of Avalon,cityofavalon.com
City of Azusa,ci.azusa.ca.us
City of Azusa,azusaca.gov
City of Azusa Light and Water,ci.azusa.ca.us
City of Bakersfield,bakersfieldcity.us
City of Baldwin Park,baldwinpark.com
City of Banning,ci.banning.ca.us
City of Barstow,barstowca.org
City of Beaumont,urbanlogicconsultants.com
City of Beaumont,beaumontca.gov
City of Bell,cityofbell.org
City of Bell Gardens,bellgardens.org
City of Bellflower,bellflower.org
City of Beverly Hills,beverlyhills.org
City of Beverly Hills,rwglaw.com
City of Big Bear Lake,bbldwp.com
City of Big Bear Lake,citybigbearlake.com
City of Blythe,cityofblythe.ca.gov
City of Bradbury,aol.com
City Of Brawley,brawley-ca.gov
City of Brea,ci.brea.ca.us
City of Brea,cityofbrea.net
City of Buellton,cityofbuellton.com
City of Buena Park,buenapark.com
City of Buena Park,ocpw.ocgov.com
City of Burbank,ci.burbank.ca.us
City of Burbank,burbankca.gov
City of Burbank - Water Department,ci.burbank.ca.us
City of Calabasas,cityofcalabasas.com
City Of Calexico,calexico.ca.gov
City of Calimesa,cityofcalimesa.net
City Of Calipatria,calipatria.com
City of Camarillo,ci.camarillo.ca.us
City of Camarillo,cityofcamarillo.org
City of Canyon Lake,cityofcanyonlake.com
City of Carlsbad,carlsbadca.gov
City of Carlsbad-Utilities & Trans,carlsbadca.gov
City of Carson,carson.ca.us
City of Carson,yahoo.com
City of Cathedral City,cathedralcity.gov
City of Cerritos,cerritos.us
City of Chino,cityofchino.org
City of Chino,chinopd.org
City of Chino Hills,chinohills.org
City of Chula Vista,ci.chula-vista.ca.us
City of Chula Vista,chulavistaca.gov
City of Coachella,coachella.org
City of Colton,ci.colton.ca.us
City of Colton,coltonca.gov
City of Commerce,ci.commerce.ca.us
City of Compton,comptoncity.org
City of Corona,ci.corona.ca.us
City of Corona,coronaca.gov
City of Corona - Dept Water & Power,coronaca.gov
City of Corona - Dept Water & Power,ci.corona.ca.us
City of Coronado,coronado.ca.us
City of Costa Mesa,costamesaca.gov
City of Costa Mesa,ci.costa-mesa.ca.us
City of Covina,covinaca.gov
City of Covina,westcovina.org
City of Cudahy,cityofcudahyca.gov
City of Culver City,culvercity.org
City of Cypress,ci.cypress.ca.us
City of Cypress,cypressca.org
City of Dana Point,danapoint.org
City of Del Mar,mbakerintl.com
City of Del Mar,delmar.ca.us
City of Desert Hot Springs,cityofdhs.org
City of Diamond Bar,ci.diamond-bar.ca.us
City of Diamond Bar,diamondbarca.gov
City of Downey,downeyca.org
City of Duarte,accessduarte.com
City Of Eastvale,eastvaleca.gov
City Of Eastvale,interwestgrp.com
City of El Cajon,cityofelcajon.us
City Of El Centro,cityofelcentro.org
City of El Monte,elmonteca.gov
City of El Monte,ci.el-monte.ca.us
City of El Segundo,elsegundo.org
City of Encinitas,encinitasca.gov
City of Encinitas,ci.encinitas.ca.us
City of Escondido,escondido.org
City of Fillmore,ci.fillmore.ca.us
City of Fontana,fontana.org
City of Fontana,fonana.org
City of Fountain Valley,fountainvalley.org
City of Fountain Valley,aol.com
City of Fullerton,cityoffullerton.com
City of Fullerton,albertgrover.com
City of Garden Grove,ci.garden-grove.ca.us
City of Garden Grove,wss-law.com
City of Garden Grove,garden-grove.org
City of Garden Grove- Utilities,ci.garden-grove.ca.us
City of Gardena,ci.gardena.ca.us
City of Gardena,cityofgardena.org
City of Glendale - City Hall,ci.glendale.ca.us
City of Glendale - City Hall,glendaleca.gov
City of Glendale- Water & Power Dept,glendaleca.gov
City of Glendale- Water & Power Dept,ci.glendale.ca.us
City of Glendale-Public Works,ci.glendale.ca.us
City of Glendale-Public Works,glendaleca.gov
City of Glendora,ci.glendora.ca.us
City of Grand Terrace,cityofgrandterrace.org
City of Guadalupe,chater.net
City of Hawaiian Gardens,hgcity.org
City of Hawthorne,cityofhawthorne.org
City of Hawthorne,hawthorneca.gov
City of Hawthorne,garyparsons.org
City of Hawthorne,aol.com
City of Hawthorne,earthlink.net
City of Hawthorne,yahoo.com
City of Hayward,hayward-ca.gov
City of Hemet,cityofhemet.org
City of Hermosa Beach,hermosabch.org
City of Hesperia,cityofhesperia.us
City of Hidden Hills,hiddenhillscity.org
City of Highland,cityofhighland.org
City Of Holtville,holtville.ca.gov
City of Huntington Beach,surfcity-hb.org
City of Huntington Park,hpca.gov
City Of Imperial,cityofimperial.org
City of Imperial Beach,imperialbeachca.gov
City of Imperial Beach,bdsengineering.com
City of Indian Wells,indianwells.com
City of Indio,indio.org
City of Indio,aol.com
City of Industry,cityofindustry.org
City of Inglewood,cityofinglewood.org
City of Irvine,ci.irvine.ca.us
City of Irvine,cityofirvine.org
City of Irwindale,ci.irwindale.ca.us
City of Irwindale,irwindaleca.gov
City of La Canada Flintridge,lcf.ca.gov
City of La Habra,lahabraca.gov
City of La Habra,lahabracity.com
City of La Habra Heights,lhhcity.org
City of La Mesa,ci.la-mesa.ca.us
City of La Mesa,cityoflamesa.us
City of La Mirada,cityoflamirada.org
City of La Palma,cityoflapalma.org
City of La Puente,lapuente.org
City of La Quinta,la-quinta.org
City of La Verne,ci.la-verne.ca.us
City of La Verne,cityoflaverne.org
City of La Verne-Santa Monica,wkrklaw.com
City of Laguna Beach,lagunabeachcity.net
City of Laguna Beach,rutan.com
City of Laguna Hills,ci.laguna-hills.ca.us
City of Laguna Hills,lagunahillsca.gov
City of Laguna Niguel,cityoflagunaniguel.org
City of Lake Elsinore,lake-elsinore.org
City of Lake Forest,lakeforestca.gov
City of Lake Forest,andpen.com
City of Lakewood,lakewoodcity.org
City of Lakewood,lakewood.org
City of Lancaster,cityoflancasterca.org
City of Lancaster,cityoflancasterca.org.
City of Lancaster,cityoflancaster.org
City of Lawndale,lawndalecity.org
City of Lawndale,aol.com
City Of Lemon Grove,lemongrove.ca.gov
City of Loma Linda,lomalinda-ca.gov
City of Loma Linda,lomitacity.com
City of Lomita,lomitacity.com
City of Lompoc,ci.lompoc.ca.us
City of Long Beach,longbeach.gov
City of Long Beach,ci.long-beach.ca.us
City of Long Beach,lbwater.org
City Of Long Beach Gas & Oil,longbeach.gov
City of Long Beach Water Department,lbwater.org
City of Long Beach Water Department,ci.long-beach.ca.us
City of Long Beach Water Department,lonestar-capitalpartners.com
City of Los Alamitos,ci.los-alamitos.ca.us
City of Los Alamitos,cityoflosalamitos.org
City of Los Angeles,lacity.org
City of Los Angeles,eng.lacity.org
City of Los Angeles,portla.org
City of Los Angeles,dot.lacity.org
City of Los Angeles,bss.lacity.org
City Of Los Angeles - Board Of Public Wo,lacity.org
City of Los Angeles - BOE - Broadway,lacity.org
City of Los Angeles - BOE - Broadway,water.ladwp.com
City of Los Angeles - BOE - Broadway,san.lacity.org
City of Los Angeles - BOE - Broadway,eng.lacity.org
City Of Los Angeles - BOE - Figueroa,lacity.org
City Of Los Angeles - BOE - Survey,lacity.org
City of Los Angeles - Bureau of Sanitation- Media Center,lacity.org
City of Los Angeles - Bureau of Sanitation- Media Center,san.lacity.org
City of Los Angeles - Bureau of Sanitation-Los Angeles   Spring Street,san.lacity.org
City of Los Angeles - Bureau of Sanitation-Los Angeles   Spring Street,lacity.org
City of Los Angeles - Bureau of Sanitation-Los Angeles - Downtown,lacity.org
City of Los Angeles - Bureau of Sanitation-Los Angeles - Downtown,gmail.com
City of Los Angeles - Bureau of Sanitation-Playa Del Re,lacity.org
City of Los Angeles - Department of Transportation,lacity.org
City of Los Angeles - Dept of Water and Power-Los Angeles,ladwp.org
City of Los Angeles - Dept of Water and Power-Los Angeles,ladwp.com
City of Los Angeles - Dept of Water and Power-Los Angeles,water.ladwp.com
City of Los Angeles - Dept of Water and Power-Los Angeles,ladpw.org
City of Los Angeles - EED - PlayaDel Ray,lacity.org
City of Los Angeles - EED - PlayaDel Ray,san.lacity.org
City of Los Angeles - EED - PlayaDel Ray,eng.lacity.org
City of Los Angeles - EED - PlayaDel Ray,ch2m.com
City Of Los Angeles - ITA,lacity.org
City Of Los Angeles - Lawa,lawa.org
City Of Los Angeles - Mayor's Office,lacity.org
City Of Los Angeles - Planning D,lacity.org
City Of Los Angeles- Recreation,lacity.org	
City Of Los Angeles -Terminal Island WRP,lacity.org
"City of Los Angeles, Department of Public Works-Los Angeles",ladwp.com
"City of Los Angeles, Department of Public Works-Los Angeles",water.ladwp.com
"City of Los Angeles, Department of Public Works-Los Angeles",lacity.org
"City Of Los Angeles, Street Services",lacity.org
City Of Los Angeles-Building & Safety,lacity.org
City of Los Angeles-Contract -Compliance,lacity.org
City of Los Angeles-Contract -Compliance,bca.lacity.org
City of Los Angeles-Public Works,lacity.org
City of Los Angeles-Public Works 2,bca.ci.la.ca.us
City of Los Angeles-Public Works 2,bca.lacity.org
City Of Los Angeles-Valley Dist.,lacity.org
City Of Los Angeles-West LA Office,lacity.org
City of Lynwood,lynwood.ca.us
City of Malibu,malibucity.org	
City of Malibu,malibucity.org
City of Manhattan Beach,citymb.info
City of Manhattan Beach,aol.com
City of Maywood,cityofmaywood.org
City of Maywood,interwestgrp.com
City Of Menifee,cityofmanifee.us
City Of Menifee,cityofmenifee.us
City of Mission Viejo,cityofmissionviejo.org
City of Monrovia,ci.monrovia.ca.us
City of Montclair,cityofmontclair.org
City of Montclair,ci.montclair.ca.us
City of Monterey Park,montereypark.ca.gov
City of Moorpark,moorparkca.gov
City of Moreno Valley,moval.org
City of Murrieta,murrieta.org
City of Murrieta,murrietaca.gov
City of Murrieta,murietaca.gov
City of National City,ci.national-city.ca.us
City of National City,nationalcityca.gov
City of Needles,gmail.com
City of Needles,cityofneedles.com
City of Newport Beach,city.newport-beach.ca.us
City of Newport Beach,newportbeachca.gov
City of Newport Beach,ci.newport-beach.ca.us
City Of Newport Beach - Water Yard,newportbeachca.gov
City of Norco,ci.norco.ca.us
City of Norwalk,norwalkca.gov
City of Norwalk,norwalkca.org
City of Norwalk-Los Angeles,asands.com
City of Oceanside,ci.oceanside.ca.us
City of Ojai,ci.ojai.ca.us
City of Ontario,ci.ontario.ca.us
City of Ontario,ontarioca.gov
City of Ontario- Municipal Utilities,ci.ontario.ca.us
City of Ontario- Municipal Utilities,ontarioca.gov
City of Orange,cityoforange.org
City of Orange- Water Department,cityoforange.org
City of Oxnard,oxnard.org
City of Palm Desert,cityofpalmdesert.org
City of Palm Desert,ci.palm-desert.ca.us
City of Palm Springs,palmspringsca.gov
City of Palmdale,cityofpalmdale.org
City of Palos Verdes Estates,pvestates.org
City of Paramount,paramountcity.com
City of Pasadena,cityofpasadena.net
City of Pasadena,ci.pasadena.ca.us
City of Pasadena,cityofpasadena.net.
City of Pasadena- Water Department,cityofpasadena.net
City of Paso Robles,prcity.com
City of Perris,cityofperris.org
City of Pico Rivera,pico-rivera.org
City Of Pismo Beach,pismobeach.org
City of Placentia,placentia.org
City of Pomona- City Hall,ci.pomona.ca.us
City Of Pomona- Utilities Services,ci.pomona.ca.us
City of Port Hueneme,cityofporthueneme.org
City of Port Hueneme,portofhueneme.org
City of Port Hueneme,cityofporthueneme.org or
City of Poway,ci.poway.ca.us
City of Poway,poway.org
City of Rancho Cucamonga,cityofrc.us
City of Rancho Mirage,ranchomirageca.gov
City of Rancho Mirage,ci.rancho-mirage.ca.us
City of Rancho Palos Verdes,rpv.com
City of Rancho Palos Verdes,rpvca.gov
City of Rancho Santa Margarita,cityofrsm.org
City of Redlands,cityofredlands.org
City of Redlands,eee.org
City of Redlands,cityofredlands.org 
City of Redondo Beach,redondo.org
City of Rialto- City Hall,rialtoca.gov
City of Rialto-Public Works,ci.rialto.ca.us
City of Riverside,riversideca.gov
City of Riverside,riverside.org
City of Riverside - Utilities,riversideca.gov
City of Rolling Hills,cityofrh.net
City of Rolling Hills Estates,ci.rolling-hills-estates.ca.us
City of Rosemead,cityofrosemead.org
City of Sacramento,gw.sacto.org
City of San Bernardino Municipal Water Department,sbcitywater.org
City of San Bernardino Municipal Water Department,sbmwd.org
City of San Bernardino-City Hall,sbcity.org
City of San Clemente,san-clemente.org
City of San Diego,sandiego.gov
City of San Diego,sandag.org
City of San Diego,sandiego.com
City of San Diego- Public Utilities,sandiego.gov
City of San Diego-City Hall,sandiego.gov
City of San Diego-Engineering,sandiego.gov
City Of San Diego-Stormwater,sandiego.gov
City of San Diego-Wastewater,venturawater.net
City of San Diego-Wastewater,sandiego.gov
City of San Dimas,ci.san-dimas.ca.us
City of San Fernando,ci.san-fernando.ca.us
City of San Gabriel,sgch.org
City of San Jacinto,sanjacintoca.us
City of San Juan Capistrano - City Hall,sanjuancapistrano.org
City of San Juan Capistrano - Water,sanjuancapistrano.org
City of San Juan Capistrano - Water,wss-law.com
City Of San Luis Obispo,slocity.org
City Of San Marcos,san-marcos.net
City Of San Marcos,ci.san-marcos.ca.us
City of San Marino,aol.com
City of San Marino,cityofsanmarino.org
City of Santa Ana-City Hall,santa-ana.org
City of Santa Ana-PW Yard,santa-ana.org
City of Santa Barbara,santabarbaraca.gov
City of Santa Clarita,santa-clarita.com
City of Santa Fe Springs,santafesprings.org
City of Santa Monica- City Hall,smgov.net
City of Santa Monica-Civil Engineering,smgov.net
City of Santa Paula,ci.santa-paula.ca.us
City Of Santee,cityofsanteeca.gov
City of Seal Beach,sealbeachca.gov
City of Seal Beach,aol.com
City of Sierra Madre,cityofsierramadre.com
City of Signal Hill,cityofsignalhill.org
City of Simi Valley,simivalley.org
City Of Solana Beach,cosb.org
City of South El Monte,soelmonte.org
City of South Gate,sogate.org
City of South Gate,hartzog-crabill.com
City of South Pasadena,ci.south-pasadena.ca.us
City of South Pasadena,southpasadenaca.gov
City of Stanton,ci.stanton.ca.us
City of Temecula,cityoftemecula.org
City of Temecula,temeculaca.gov
City of Temecula,citycouncil.org
City of Temple City,templecity.us
City of Thousand Oaks,toaks.org
City of Torrance - City Hall,torranceca.gov
City of Torrance - Public Works,torranceca.gov
City of Tustin,tustinca.org
City of Twenty Nine Palms,29palms.org
City of Upland,ci.upland.ca.us
City of Ventura,ventura.org
City of Ventura,ci.ventura.ca.us
City of Ventura,cityofventura.net
City of Ventura,cityofventura.ca.gov
City of Vernon,ci.vernon.ca.us
City of Vernon,cityofvernon.org
City of Victorville,ci.victorville.ca.us
City of Victorville,ci.victorville.ca.us>
City of Victorville,victorvilleca.gov
City of Victorville - Water,vvwater.org
City of Villa Park,villapark.org
City of Vista,cityofvista.com
City of Walnut,ci.walnut.ca.us
City of Walnut Creek,walnut-creek.org
City of West Covina,westcovina.org
City of West Hollywood,weho.org
City of Westlake Village,wlv.org
City of Westlake Village,willdan.com
City of Westminister- Water,westgov.com
City of Westminster,westminster-ca.gov
City of Westminster,westminer-ca.gov
City of Westminster,ci.westminster.ca.gov
City of Westminster,ci.westminster.ca.us
City of Westmorland-El Centro,ejgd.com
City of Whittier,cityofwhittier.org
City of Whittier,hendersonsinsure.com
City of Whittier,earthlink.net
City Of Woodland,cityofwoodland.org
City of Yorba Linda,yorba-linda.org
City of Yorba Linda,yorbalindaca.gov
City of Yucaipa,yucaipa.org
Coachella Valley Water District,cvwd.org
Contra Costa Water District,ccwater.com
Costa Mesa Sanitary District,pacbell.net
Costa Mesa Sanitary District,cmsdca.gov
County of L.A. Agricultural Commissioner,acwm.lacounty.gov
County of Los Angeles,ladpw.org
County of Los Angeles,dpw.lacounty.gov
County of Los Angeles Dept of Public Works,dpw.lacounty.gov
County of Los Angeles Dept of Public Works,ladpw.org
County of Los Angeles Dept of Public Works,dpw.co.la.ca.us
County of Los Angeles Dept of Public Works,eng.uab.edu
County of Los Angeles Dept of Public Works,bleeble.org
County of Los Angeles Dept of Public Works,pw.lacounty.gov
County of Orange,ocwr.ocgov.com
County of Orange,rdmd.ocgov.com
County of Orange,ocpw.ocgov.com
County of Orange,ocgov.com
County of Orange,iwmd.ocgov.com
County of Orange Public Works,dpw.lacounty.gov
County of Orange Public Works,ocpw.ocgov.com
County of Orange Public Works,pfrd.ocgov.com
County of Orange Public Works,iwmd.ocgov.com
County of Orange Public Works,ocwr.ocgov.com
County Of Orange Watersheds,ocpw.ocgov.com
County of Orange/JWA,ocair.com
County Of Orange-Parks,occr.ocgov.com
County Of Orange-Parks,ocparks.com
County of Riverside Ag Commissioner,rivco.org
County of Riverside-Riverside,rctlma.org
County of Riverside-Riverside,rceo.org
County of Riverside-Riverside,rctc.org
County of Riverside-Riverside,co.riverside.ca.us
County of San Bernardino,dpw.sbcounty.gov
County of San Bernardino,hr.sbcounty.gov
County Of San Bernardino Ag Commiss,awm.sbcounty.gov
County of San Bernardino- Housing-Planin,dpw.sbcounty.gov
County of San Bernardino- Housing-Planin,cdh.sbcounty.gov
County of San Bernardino-Public Works,dpw.sbcounty.gov
County of San Bernardino-San Bernardino,dpw.sbcounty.gov
County of San Bernardino-Solid Waste,sbcounty.gov
County of San Bernardino-Solid Waste,dpw.sbcounty.gov
County of San Diego,sdcounty.ca.gov
County of San Diego,co.san-diego.ca.us
County Of San Luis Obispo,co.slo.ca.us
County of Ventura,ventura.org
County Of Ventura Ag Commissioner,ventura.org
County Sanitation District of Los Angeles County-Compton,lacsd.org
County Sanitation District of Los Angeles County-Whittier,lacsd.org
County Sanitation District of Los Angeles County-Whittier,lacd.org
County Sanitation District of Los Angeles County-Whittier,lacsd
Crescenta Valley WD,cvwd.com
Crestline Sanitation District,sdd.sbcounty.gov
Crestline Sanitation District,crestlinesanitation.com
Crestline-Lake Arrowhead WA,verizon.net
Cucamonga Valley Water District,cvwdwater.com
Department of Transportation,dot.ca.gov
Department of Water Resourses,water.ca.gov
Desert Water Agency,dwa.org
Desert Water Agency,water.ca.gov
East Orange County Water District,gmail.com
East Orange County Water District,eocwd.com
East Valley Water District,eastvalley.org
Eastern Municipal Water District,emwd.org
El Toro Water District - El Toro,etwd.com
El Toro Water District - El Toro,redwineandsherrill.com
Elsinore Valley Municipal Water District,evmwd.net
Elsinore Valley Municipal Water District,wesawater.com
Encina Wastewater Authority,encinajpa.com
Fallbrook Public Utility District,fpud.com
Foothill Municipal Water District,fmwd.com
Goleta Water District,goletawater.com
Goleta West Sanitary District,goletawest.com
Helendale Community Services District,helendalecsd.org
Helix Water District,helixwater.org
Hi-Desert Water District,hdwd.com
Housing Authority - County of San Bernardino,hacsb.com
Housing Authority of Los Angeles-Los Angeles,hacla.org
Imperial Irrigation District,iid.com
Inland Empire Utilities Agency,ieua.org
Irvine Ranch Water District-Irvine,irwd.com
Joshua Basin Water District,jbwd.com
Jurupa Community Services District,jcsd.us
Kinneloa Irrigation District,outlook.com
Kinneloa Irrigation District,kinneloairrigationdistrict.info
La Canada Irrigation District,earthlink.net
LA County Department of Human Resources,dhr.co.la.ca.us
LA County Department of Public Works-Alhambra,dpw.lacounty.gov
LA County Department of Public Works-Alhambra,ladpw.org
LA County Department of Public Works-Alhambra,dpw.co.la.ca.us
"LA County, Department of Beach & Harbors",dbh.co.la.ca.us
La Habra Heights County Water District,lhhcwd.com
La Puente Valley County Water District,lapuentewater.com
LA Unified School District,lausd.net
Laguna Beach County Water District,lbcwd.org
Lake Arrowhead CSD,lakearrowheadcsd.com
Lake Hemet MWD,lhmwd.org
Las Virgenes Municipal Water District,lvmwd.com
Leucadia Wastewater District,lwwd.org
Littlerock Creek Irrigation District,lrcid.com
Los Angeles County Dept Of Public Works,dpw.lacounty.gov
Los Angeles County Dept Of Public Works,ladpw.org
Los Angeles County Dept Of Public Works,eng.lacity.org
Los Angeles County Dept Of Public Works,lacsd.org
Los Angeles Unified school District-Hawthorne,lausd.net
Los Angeles Unified school District-Los Angeles,laschools.org
Los Angeles Unified school District-Los Angeles,lausd.net
Los Angeles World Airports,lawa.org
Los Angeles World Airports- Engineering,lawa.org
Los Angeles World Airports- HR,lawa.org
March Ariforce Base,march.af.mil
Mariana Ranchos County Water District,mrcwd.org
Marina Coast Water District,mcwd.org
Mesa Water District,mesawater.org
Mesa Water District,mesawater.com
METROLINK,scrra.net
METROLINK,scrra.com
Metropolitan Transportation Authority,metro.net
Metropolitan Transportation Authority,mta.net
Metropolitan Water District - HR Dept,mwdh2o.com
Metropolitan Water District - LaVerne TP,mwdh2o.com
Metropolitan Water District - LaVerne TP,csupomona.edu
Metropolitan Water District of Southern California-Los Angeles,mwdh2o.com
Metropolitan Water District of Southern California-Los Angeles,kennedyjenks.com
Metropolitan Water District of Southern California-Los Angeles,mnsengineers.com
Metropolitan Water District of Southern California-Los Angeles,lacsd.org
Metropolitan Water District of Southern California-Los Angeles,geolabswv.com
Metropolitan Water District of Southern California-Los Angeles,lion.lmu.edu
Metropolitan Water District of Southern California-Los Angeles,mta.net
Mission Springs Water District,mswd.org
Mojave Water Agency,mojavewater.org
Monte Vista Water District,mvwd.org
Montecito Sanitary District,montsan.org
Montecito Water District,montecitowater.com
Moulton Niguel Water District,mnwd.com
Municipal Water District of Orange County,mwdoc.com
NAVFAC Southwest,navy.mil
NAVFAC Southwest,usmc.mil
North County Transit District,nctd.org
Ojai Valley Sanitary District,ojaisan.org
Olivenhain MWD,olivenhain.com
Orange County Fire Authority,ocfa.org
Orange County Public Works,ocpw.ocgov.com
Orange County Public Works,rdmd.ocgov.com
Orange County Sanitation District,ocsd.com
Orange County Transportation Authority,octa.net
Orange County Transportation Authority,urbanxroads.com
Orange County Vector Control District,ocvcd.org
Orange County Water District,ocwd.com
Orchard Dale Water District,odwd.org
Otay Water District,otaywater.gov
Padre Dam MWD,padre.org
Palm Ranch Irrigation District,palmranchid.com
Palmdale Water District,palmdalewater.org
Palo Verde Irrigation District-Blythe,pvid.org
Palo Verde Irrigation District-Corona,claysonlaw.com
Pico Water District,picowaterdistrict.net
Pinyon Pines County Water District,pinyonpinescwd.ca.gov
Pleasant Valley County Water District,verizon.net
Port of Long Beach,polb.com
Port of Long Beach,associates.polb.com
Port of Los Angeles,portla.org
Port of Los Angeles,roadrunner.com
Port of San Diego,portofsandiego.org
Quartz Hill Water District,qhwd.org
Rainbow MWD,rainbowmwd.com
Rainbow MWD,rmwd.org
Ramona MWD,rmwd.org
Rancho California Water District,ranchowater.com
Regional Water Quality Control Board - LA,rb4.swrcb.ca.gov
Regional Water Quality Control Board - LA,waterboards.ca.gov
Rincon del Diablo MWD,rinconwater.org
Riverside County,co.riverside.ca.us
Riverside County Flood Control,rcflood.org
Riverside County Flood Control,co.riverside.ca.us
Riverside County Flood Control,riversideca.gov
Riverside County Flood Control,rivco.org
Riverside County Transpo Commission,rctc.org
Riverside County Waste Management Department,co.riverside.ca.us
Riverside County Waste Management Department,rcwaste.org
Rowland Water District,rowlandwater.com
Rubidoux C.S.D.,rcsd.org
Running Springs Water District,runningspringswd.com
RWQCB - LA,waterboards.ca.gov
San Bernardino Associated Governments,sanbag.ca.gov
San Bernardino County Dept. Public Works,dpw.sbcounty.gov
San Bernardino County Flood Control Dist,dpw.sbcounty.gov
San Bernardino County Special Districts Department,sdd.sbcounty.gov
San Bernardino County-San Bernardino,sbcfire.org
San Bernardino Valley MWD,sbvmwd.com
San Bernardino Valley Water Conservation District,sbvwcd.org 
San Bernardino Valley Water Conservation District,sbvwcd.dst.ca.us
San Diego County  Water Authority-Escond,sdcwa.org
San Diego County Grand Jury,sdcounty.ca.gov
San Diego County Regional Airport,san.org
San Diego County Water Authority,sdcwa.org
San Diego Metro Transit System,sdmts.com
San Diego Regional WQC,waterboards.ca.gov
San Dieguito Water District,ci.encinitas.ca.us
San Elijo Joint Powers Authority,sejpa.org
San Gabriel Basin WQA,wqa.com
San Gabriel County Water District,sgvwater.com
San Gabriel County Water District,sgcwd.com
San Gabriel Valley Council Of Gov,sgvcog.org
San Gabriel Valley Council Of Gov,theaceproject.org
San Gabriel Valley MWD,sgvmwd.com
San Gorgonio Pass Water Agency,sgpwa.com
SANDAG,sandag.org
Sanitation Districts of Los Angeles County,lacsd.org
Sanitation Districts of Los Angeles County-Carson,lacsd.org
Santa Ana Watershed Project Authority,sawpa.org
Santa Clara Water District,valleywater.org
Santa Clara Water District,scvwd.dst.ca.us
Santa Fe Irrigation District,sfidwater.org
Santa Margarita Water District,smwd.com
Santa Margarita Water District,sfcconsultants.com
Santa Ynez River WCD,syrwd.org
Serrano Irrigation District,gmail.com
South Bay City Council Of Governments,southbaycities.org
South Bay Regional Communication,rcc911.org
South Coast Air Quality Management District,aqmd.gov
South Coast Water District,scwd.org
South Montebello Irrigation District,pacbell.net
South O.C. Wastewater Authority,socwa.com
Southern California Association of Governments,scag.ca.gov
State of California,bth.ca.gov
State Water Resources Control Board,waterboards.ca.gov
Sweetwater Authority-Chula Vista,sweetwater.org
Sweetwater Authority-Chula Vista,projectpartners.com
Three Valleys MWD,tvmwd.com
Trabuco Canyon Water District,tcwd.ca.gov
Transportation Corridor Agencies,sjhtca.com
Transportation Corridor Agencies,thetollroads.com
Twenty-Nine Palms Water District,29palmswater.org
UCI  Dermatology,uci.edu
United Water Conservation District,unitedwater.org
Upper San Gabriel Valley MWD,usgvmwd.org
US Army Corps of Engineers,usace.army.mil
US Army Corps of Engineers,usar.army.mil
US EPA,epa.gov
Vallecitos Water District,vwd.org
Valley Center MWD,valleycenterwater.org
Valley Center MWD,vcmwd.org
Valley County Water District,vcwd.org
Vandenberg Village CSD,vvcsd.org
Ventura County Waterworks District No.8-Simi Valle,ventura.org
Ventura Regional Sanitation District,vrsd.com
Ventura River County Water District,venturariverwd.com
Victor Valley Wastewater Reclamation Authority,vvwra.com
Vista Irrigation District,vid-h2o.org
Vista Irrigation District,vidwater.org
Walnut Valley Water District,wvwd.com
Water Facilities Authority,wfajpa.org
Water Replenishment District of S. California,wrd.org
Water Replenishment District of S. California,ward.org
West Basin Municipal Water District,westbasin.org
West Valley Water District,wvwd.org
Western Municipal Water District,wmwd.com
Yorba Linda Water District,ylwd.com
Yucaipa Valley Water District,yvwd.dst.ca.us
Yuima Municipal Water District,yuimamwd.com
